"Formatname";"Version";"Berater";"Mandant";"WJ-Beginn";"WJ-Ende";"Sachkontenlaenge";"Datum-von";"Datum-bis";"Bezeichnung";"Diktat";"Buchungstyp";"Rechnungslegungszweck"
"EXTF_Buchungsstapel";"12";"12345";"67890";"01.01.2026";"31.12.2026";"4";"01.01.2026";"31.12.2026";"Buchungsstapel Demo GmbH 2026";"Buchhaltung";"1";"00"
"Umsatz";"SH";"WKZ";"Kurs";"Basis";"BWKZ";"Konto";"Gegenkonto";"BUSchluessel";"Belegdatum";"Belegfeld1";"Belegfeld2";"Skonto";"Buchungstext";"Postensperre";"Adressnummer";"PartnerBLZ"
"150000,00";"S";"EUR";"";"";"";"1800";"4400";"0";"3112";"ER-2026-001";"";"";"Beratungserloese Q1";"0";"";""
"-150000,00";"H";"EUR";"";"";"";"1800";"4400";"0";"3112";"ER-2026-001";"";"";"Beratungserloese Q1";"0";"";""
"50000,00";"S";"EUR";"";"";"";"1800";"4410";"0";"3112";"ER-2026-002";"";"";"Honorare Q1";"0";"";""
"-50000,00";"H";"EUR";"";"";"";"1800";"4410";"0";"3112";"ER-2026-002";"";"";"Honorare Q1";"0";"";""
"12000,00";"S";"EUR";"";"";"";"5000";"1800";"0";"2802";"AR-2026-001";"";"";"Materialeinkauf Februar";"0";"";""
"-12000,00";"H";"EUR";"";"";"";"5000";"1800";"0";"2802";"AR-2026-001";"";"";"Materialeinkauf Februar";"0";"";""
"80000,00";"S";"EUR";"";"";"";"6000";"1800";"0";"3112";"LO-2026-001";"";"";"Personalaufwand Q1-Q4";"0";"";""
"-80000,00";"H";"EUR";"";"";"";"6000";"1800";"0";"3112";"LO-2026-001";"";"";"Personalaufwand Q1-Q4";"0";"";""
"30000,00";"S";"EUR";"";"";"";"6020";"1800";"0";"3112";"LO-2026-002";"";"";"Gehaelter";"0";"";""
"-30000,00";"H";"EUR";"";"";"";"6020";"1800";"0";"3112";"LO-2026-002";"";"";"Gehaelter";"0";"";""
"15000,00";"S";"EUR";"";"";"";"6030";"1800";"0";"3112";"LO-2026-003";"";"";"Sozialabgaben";"0";"";""
"-15000,00";"H";"EUR";"";"";"";"6030";"1800";"0";"3112";"LO-2026-003";"";"";"Sozialabgaben";"0";"";""
"12000,00";"S";"EUR";"";"";"";"6200";"1800";"0";"3112";"AF-2026-001";"";"";"Abschreibungen 2026";"0";"";""
"-12000,00";"H";"EUR";"";"";"";"6200";"1800";"0";"3112";"AF-2026-001";"";"";"Abschreibungen 2026";"0";"";""
"18000,00";"S";"EUR";"";"";"";"6310";"1800";"0";"2802";"MI-2026-001";"";"";"Miete Buero Q1";"0";"";""
"-18000,00";"H";"EUR";"";"";"";"6310";"1800";"0";"2802";"MI-2026-001";"";"";"Miete Buero Q1";"0";"";""
"5000,00";"S";"EUR";"";"";"";"7000";"1800";"0";"3112";"WE-2026-001";"";"";"Werbekosten";"0";"";""
"-5000,00";"H";"EUR";"";"";"";"7000";"1800";"0";"3112";"WE-2026-001";"";"";"Werbekosten";"0";"";""
"3000,00";"S";"EUR";"";"";"";"7500";"1800";"0";"3112";"ZI-2026-001";"";"";"Zinsaufwand Bank";"0";"";""
"-3000,00";"H";"EUR";"";"";"";"7500";"1800";"0";"3112";"ZI-2026-001";"";"";"Zinsaufwand Bank";"0";"";""
"8000,00";"S";"EUR";"";"";"";"7600";"1800";"0";"3112";"ST-2026-001";"";"";"Ertragsteuern";"0";"";""
"-8000,00";"H";"EUR";"";"";"";"7600";"1800";"0";"3112";"ST-2026-001";"";"";"Ertragsteuern";"0";"";""